{"cameraMode":{"drawMode":0,"name":"Shaded","section":"Shading Mode"},"sceneLighting":true,"audioPlay":false,"sceneViewState":{"m_AlwaysRefresh":false,"showFog":true,"showSkybox":true,"showFlares":true,"showImageEffects":true,"showParticleSystems":true,"showVisualEffectGraphs":true,"m_FxEnabled":true},"in2DMode":false,"pivot":{"x":3.0454490184783937,"y":4.777493000030518,"z":-14.856006622314454},"rotation":{"x":-0.14022792875766755,"y":-0.6539504528045654,"z":0.12556874752044679,"w":-0.7331089973449707},"size":0.33730703592300417,"orthographic":false}